date,year,month,day,day_of_week,is_weekend
2023-01-01,2023,1,1,7,True
2023-01-02,2023,1,2,1,False
2023-01-03,2023,1,3,2,False
2023-01-04,2023,1,4,3,False
2023-01-05,2023,1,5,4,False
2023-01-06,2023,1,6,5,False
2023-01-07,2023,1,7,6,True
2023-01-08,2023,1,8,7,True
2023-01-09,2023,1,9,1,False
2023-01-10,2023,1,10,2,False
2023-01-11,2023,1,11,3,False
2023-01-12,2023,1,12,4,False
2023-01-13,2023,1,13,5,False
2023-01-14,2023,1,14,6,True
2023-01-15,2023,1,15,7,True
2023-01-16,2023,1,16,1,False
2023-01-17,2023,1,17,2,False
2023-01-18,2023,1,18,3,False
2023-01-19,2023,1,19,4,False
2023-01-20,2023,1,20,5,False
2023-01-21,2023,1,21,6,True
2023-01-22,2023,1,22,7,True
2023-01-23,2023,1,23,1,False
2023-01-24,2023,1,24,2,False
2023-01-25,2023,1,25,3,False
2023-01-26,2023,1,26,4,False
2023-01-27,2023,1,27,5,False
2023-01-28,2023,1,28,6,True
2023-01-29,2023,1,29,7,True
2023-01-30,2023,1,30,1,False
2023-01-31,2023,1,31,2,False
2023-02-01,2023,2,1,3,False
2023-02-02,2023,2,2,4,False
2023-02-03,2023,2,3,5,False
2023-02-04,2023,2,4,6,True
2023-02-05,2023,2,5,7,True
2023-02-06,2023,2,6,1,False
2023-02-07,2023,2,7,2,False
2023-02-08,2023,2,8,3,False
2023-02-09,2023,2,9,4,False
2023-02-10,2023,2,10,5,False
2023-02-11,2023,2,11,6,True
2023-02-12,2023,2,12,7,True
2023-02-13,2023,2,13,1,False
2023-02-14,2023,2,14,2,False
2023-02-15,2023,2,15,3,False
2023-02-16,2023,2,16,4,False
2023-02-17,2023,2,17,5,False
2023-02-18,2023,2,18,6,True
2023-02-19,2023,2,19,7,True
2023-02-20,2023,2,20,1,False
2023-02-21,2023,2,21,2,False
2023-02-22,2023,2,22,3,False
2023-02-23,2023,2,23,4,False
2023-02-24,2023,2,24,5,False
2023-02-25,2023,2,25,6,True
2023-02-26,2023,2,26,7,True
2023-02-27,2023,2,27,1,False
2023-02-28,2023,2,28,2,False
2023-03-01,2023,3,1,3,False
2023-03-02,2023,3,2,4,False
2023-03-03,2023,3,3,5,False
2023-03-04,2023,3,4,6,True
2023-03-05,2023,3,5,7,True
2023-03-06,2023,3,6,1,False
2023-03-07,2023,3,7,2,False
2023-03-08,2023,3,8,3,False
2023-03-09,2023,3,9,4,False
2023-03-10,2023,3,10,5,False
2023-03-11,2023,3,11,6,True
2023-03-12,2023,3,12,7,True
2023-03-13,2023,3,13,1,False
2023-03-14,2023,3,14,2,False
2023-03-15,2023,3,15,3,False
2023-03-16,2023,3,16,4,False
2023-03-17,2023,3,17,5,False
2023-03-18,2023,3,18,6,True
2023-03-19,2023,3,19,7,True
2023-03-20,2023,3,20,1,False
2023-03-21,2023,3,21,2,False
2023-03-22,2023,3,22,3,False
2023-03-23,2023,3,23,4,False
2023-03-24,2023,3,24,5,False
2023-03-25,2023,3,25,6,True
2023-03-26,2023,3,26,7,True
2023-03-27,2023,3,27,1,False
2023-03-28,2023,3,28,2,False
2023-03-29,2023,3,29,3,False
2023-03-30,2023,3,30,4,False
2023-03-31,2023,3,31,5,False
2023-04-01,2023,4,1,6,True
2023-04-02,2023,4,2,7,True
2023-04-03,2023,4,3,1,False
2023-04-04,2023,4,4,2,False
2023-04-05,2023,4,5,3,False
2023-04-06,2023,4,6,4,False
2023-04-07,2023,4,7,5,False
2023-04-08,2023,4,8,6,True
2023-04-09,2023,4,9,7,True
2023-04-10,2023,4,10,1,False
2023-04-11,2023,4,11,2,False
2023-04-12,2023,4,12,3,False
2023-04-13,2023,4,13,4,False
2023-04-14,2023,4,14,5,False
2023-04-15,2023,4,15,6,True
2023-04-16,2023,4,16,7,True
2023-04-17,2023,4,17,1,False
2023-04-18,2023,4,18,2,False
2023-04-19,2023,4,19,3,False
2023-04-20,2023,4,20,4,False
2023-04-21,2023,4,21,5,False
2023-04-22,2023,4,22,6,True
2023-04-23,2023,4,23,7,True
2023-04-24,2023,4,24,1,False
2023-04-25,2023,4,25,2,False
2023-04-26,2023,4,26,3,False
2023-04-27,2023,4,27,4,False
2023-04-28,2023,4,28,5,False
2023-04-29,2023,4,29,6,True
2023-04-30,2023,4,30,7,True
2023-05-01,2023,5,1,1,False
2023-05-02,2023,5,2,2,False
2023-05-03,2023,5,3,3,False
2023-05-04,2023,5,4,4,False
2023-05-05,2023,5,5,5,False
2023-05-06,2023,5,6,6,True
2023-05-07,2023,5,7,7,True
2023-05-08,2023,5,8,1,False
2023-05-09,2023,5,9,2,False
2023-05-10,2023,5,10,3,False
2023-05-11,2023,5,11,4,False
2023-05-12,2023,5,12,5,False
2023-05-13,2023,5,13,6,True
2023-05-14,2023,5,14,7,True
2023-05-15,2023,5,15,1,False
2023-05-16,2023,5,16,2,False
2023-05-17,2023,5,17,3,False
2023-05-18,2023,5,18,4,False
2023-05-19,2023,5,19,5,False
2023-05-20,2023,5,20,6,True
2023-05-21,2023,5,21,7,True
2023-05-22,2023,5,22,1,False
2023-05-23,2023,5,23,2,False
2023-05-24,2023,5,24,3,False
2023-05-25,2023,5,25,4,False
2023-05-26,2023,5,26,5,False
2023-05-27,2023,5,27,6,True
2023-05-28,2023,5,28,7,True
2023-05-29,2023,5,29,1,False
2023-05-30,2023,5,30,2,False
2023-05-31,2023,5,31,3,False
2023-06-01,2023,6,1,4,False
2023-06-02,2023,6,2,5,False
2023-06-03,2023,6,3,6,True
2023-06-04,2023,6,4,7,True
2023-06-05,2023,6,5,1,False
2023-06-06,2023,6,6,2,False
2023-06-07,2023,6,7,3,False
2023-06-08,2023,6,8,4,False
2023-06-09,2023,6,9,5,False
2023-06-10,2023,6,10,6,True
2023-06-11,2023,6,11,7,True
2023-06-12,2023,6,12,1,False
2023-06-13,2023,6,13,2,False
2023-06-14,2023,6,14,3,False
2023-06-15,2023,6,15,4,False
2023-06-16,2023,6,16,5,False
2023-06-17,2023,6,17,6,True
2023-06-18,2023,6,18,7,True
2023-06-19,2023,6,19,1,False
2023-06-20,2023,6,20,2,False
2023-06-21,2023,6,21,3,False
2023-06-22,2023,6,22,4,False
2023-06-23,2023,6,23,5,False
2023-06-24,2023,6,24,6,True
2023-06-25,2023,6,25,7,True
2023-06-26,2023,6,26,1,False
2023-06-27,2023,6,27,2,False
2023-06-28,2023,6,28,3,False
2023-06-29,2023,6,29,4,False
2023-06-30,2023,6,30,5,False
2023-07-01,2023,7,1,6,True
2023-07-02,2023,7,2,7,True
2023-07-03,2023,7,3,1,False
2023-07-04,2023,7,4,2,False
2023-07-05,2023,7,5,3,False
2023-07-06,2023,7,6,4,False
2023-07-07,2023,7,7,5,False
2023-07-08,2023,7,8,6,True
2023-07-09,2023,7,9,7,True
2023-07-10,2023,7,10,1,False
2023-07-11,2023,7,11,2,False
2023-07-12,2023,7,12,3,False
2023-07-13,2023,7,13,4,False
2023-07-14,2023,7,14,5,False
2023-07-15,2023,7,15,6,True
2023-07-16,2023,7,16,7,True
2023-07-17,2023,7,17,1,False
2023-07-18,2023,7,18,2,False
2023-07-19,2023,7,19,3,False
2023-07-20,2023,7,20,4,False
2023-07-21,2023,7,21,5,False
2023-07-22,2023,7,22,6,True
2023-07-23,2023,7,23,7,True
2023-07-24,2023,7,24,1,False
2023-07-25,2023,7,25,2,False
2023-07-26,2023,7,26,3,False
2023-07-27,2023,7,27,4,False
2023-07-28,2023,7,28,5,False
2023-07-29,2023,7,29,6,True
2023-07-30,2023,7,30,7,True
2023-07-31,2023,7,31,1,False
2023-08-01,2023,8,1,2,False
2023-08-02,2023,8,2,3,False
2023-08-03,2023,8,3,4,False
2023-08-04,2023,8,4,5,False
2023-08-05,2023,8,5,6,True
2023-08-06,2023,8,6,7,True
2023-08-07,2023,8,7,1,False
2023-08-08,2023,8,8,2,False
2023-08-09,2023,8,9,3,False
2023-08-10,2023,8,10,4,False
2023-08-11,2023,8,11,5,False
2023-08-12,2023,8,12,6,True
2023-08-13,2023,8,13,7,True
2023-08-14,2023,8,14,1,False
2023-08-15,2023,8,15,2,False
2023-08-16,2023,8,16,3,False
2023-08-17,2023,8,17,4,False
2023-08-18,2023,8,18,5,False
2023-08-19,2023,8,19,6,True
2023-08-20,2023,8,20,7,True
2023-08-21,2023,8,21,1,False
2023-08-22,2023,8,22,2,False
2023-08-23,2023,8,23,3,False
2023-08-24,2023,8,24,4,False
2023-08-25,2023,8,25,5,False
2023-08-26,2023,8,26,6,True
2023-08-27,2023,8,27,7,True
2023-08-28,2023,8,28,1,False
2023-08-29,2023,8,29,2,False
2023-08-30,2023,8,30,3,False
2023-08-31,2023,8,31,4,False
2023-09-01,2023,9,1,5,False
2023-09-02,2023,9,2,6,True
2023-09-03,2023,9,3,7,True
2023-09-04,2023,9,4,1,False
2023-09-05,2023,9,5,2,False
2023-09-06,2023,9,6,3,False
2023-09-07,2023,9,7,4,False
2023-09-08,2023,9,8,5,False
2023-09-09,2023,9,9,6,True
2023-09-10,2023,9,10,7,True
2023-09-11,2023,9,11,1,False
2023-09-12,2023,9,12,2,False
2023-09-13,2023,9,13,3,False
2023-09-14,2023,9,14,4,False
2023-09-15,2023,9,15,5,False
2023-09-16,2023,9,16,6,True
2023-09-17,2023,9,17,7,True
2023-09-18,2023,9,18,1,False
2023-09-19,2023,9,19,2,False
2023-09-20,2023,9,20,3,False
2023-09-21,2023,9,21,4,False
2023-09-22,2023,9,22,5,False
2023-09-23,2023,9,23,6,True
2023-09-24,2023,9,24,7,True
2023-09-25,2023,9,25,1,False
2023-09-26,2023,9,26,2,False
2023-09-27,2023,9,27,3,False
2023-09-28,2023,9,28,4,False
2023-09-29,2023,9,29,5,False
2023-09-30,2023,9,30,6,True
2023-10-01,2023,10,1,7,True
2023-10-02,2023,10,2,1,False
2023-10-03,2023,10,3,2,False
2023-10-04,2023,10,4,3,False
2023-10-05,2023,10,5,4,False
2023-10-06,2023,10,6,5,False
2023-10-07,2023,10,7,6,True
2023-10-08,2023,10,8,7,True
2023-10-09,2023,10,9,1,False
2023-10-10,2023,10,10,2,False
2023-10-11,2023,10,11,3,False
2023-10-12,2023,10,12,4,False
2023-10-13,2023,10,13,5,False
2023-10-14,2023,10,14,6,True
2023-10-15,2023,10,15,7,True
2023-10-16,2023,10,16,1,False
2023-10-17,2023,10,17,2,False
2023-10-18,2023,10,18,3,False
2023-10-19,2023,10,19,4,False
2023-10-20,2023,10,20,5,False
2023-10-21,2023,10,21,6,True
2023-10-22,2023,10,22,7,True
2023-10-23,2023,10,23,1,False
2023-10-24,2023,10,24,2,False
2023-10-25,2023,10,25,3,False
2023-10-26,2023,10,26,4,False
2023-10-27,2023,10,27,5,False
2023-10-28,2023,10,28,6,True
2023-10-29,2023,10,29,7,True
2023-10-30,2023,10,30,1,False
2023-10-31,2023,10,31,2,False
2023-11-01,2023,11,1,3,False
2023-11-02,2023,11,2,4,False
2023-11-03,2023,11,3,5,False
2023-11-04,2023,11,4,6,True
2023-11-05,2023,11,5,7,True
2023-11-06,2023,11,6,1,False
2023-11-07,2023,11,7,2,False
2023-11-08,2023,11,8,3,False
2023-11-09,2023,11,9,4,False
2023-11-10,2023,11,10,5,False
2023-11-11,2023,11,11,6,True
2023-11-12,2023,11,12,7,True
2023-11-13,2023,11,13,1,False
2023-11-14,2023,11,14,2,False
2023-11-15,2023,11,15,3,False
2023-11-16,2023,11,16,4,False
2023-11-17,2023,11,17,5,False
2023-11-18,2023,11,18,6,True
2023-11-19,2023,11,19,7,True
2023-11-20,2023,11,20,1,False
2023-11-21,2023,11,21,2,False
2023-11-22,2023,11,22,3,False
2023-11-23,2023,11,23,4,False
2023-11-24,2023,11,24,5,False
2023-11-25,2023,11,25,6,True
2023-11-26,2023,11,26,7,True
2023-11-27,2023,11,27,1,False
2023-11-28,2023,11,28,2,False
2023-11-29,2023,11,29,3,False
2023-11-30,2023,11,30,4,False
2023-12-01,2023,12,1,5,False
2023-12-02,2023,12,2,6,True
2023-12-03,2023,12,3,7,True
2023-12-04,2023,12,4,1,False
2023-12-05,2023,12,5,2,False
2023-12-06,2023,12,6,3,False
2023-12-07,2023,12,7,4,False
2023-12-08,2023,12,8,5,False
2023-12-09,2023,12,9,6,True
2023-12-10,2023,12,10,7,True
2023-12-11,2023,12,11,1,False
2023-12-12,2023,12,12,2,False
2023-12-13,2023,12,13,3,False
2023-12-14,2023,12,14,4,False
2023-12-15,2023,12,15,5,False
2023-12-16,2023,12,16,6,True
2023-12-17,2023,12,17,7,True
2023-12-18,2023,12,18,1,False
2023-12-19,2023,12,19,2,False
2023-12-20,2023,12,20,3,False
2023-12-21,2023,12,21,4,False
2023-12-22,2023,12,22,5,False
2023-12-23,2023,12,23,6,True
2023-12-24,2023,12,24,7,True
2023-12-25,2023,12,25,1,False
2023-12-26,2023,12,26,2,False
2023-12-27,2023,12,27,3,False
2023-12-28,2023,12,28,4,False
2023-12-29,2023,12,29,5,False
2023-12-30,2023,12,30,6,True
2023-12-31,2023,12,31,7,True
2024-01-01,2024,1,1,1,False
2024-01-02,2024,1,2,2,False
2024-01-03,2024,1,3,3,False
2024-01-04,2024,1,4,4,False
2024-01-05,2024,1,5,5,False
2024-01-06,2024,1,6,6,True
2024-01-07,2024,1,7,7,True
2024-01-08,2024,1,8,1,False
2024-01-09,2024,1,9,2,False
2024-01-10,2024,1,10,3,False
2024-01-11,2024,1,11,4,False
2024-01-12,2024,1,12,5,False
2024-01-13,2024,1,13,6,True
2024-01-14,2024,1,14,7,True
2024-01-15,2024,1,15,1,False
2024-01-16,2024,1,16,2,False
2024-01-17,2024,1,17,3,False
2024-01-18,2024,1,18,4,False
2024-01-19,2024,1,19,5,False
2024-01-20,2024,1,20,6,True
2024-01-21,2024,1,21,7,True
2024-01-22,2024,1,22,1,False
2024-01-23,2024,1,23,2,False
2024-01-24,2024,1,24,3,False
2024-01-25,2024,1,25,4,False
2024-01-26,2024,1,26,5,False
2024-01-27,2024,1,27,6,True
2024-01-28,2024,1,28,7,True
2024-01-29,2024,1,29,1,False
2024-01-30,2024,1,30,2,False
2024-01-31,2024,1,31,3,False
2024-02-01,2024,2,1,4,False
2024-02-02,2024,2,2,5,False
2024-02-03,2024,2,3,6,True
2024-02-04,2024,2,4,7,True
2024-02-05,2024,2,5,1,False
2024-02-06,2024,2,6,2,False
2024-02-07,2024,2,7,3,False
2024-02-08,2024,2,8,4,False
2024-02-09,2024,2,9,5,False
2024-02-10,2024,2,10,6,True
2024-02-11,2024,2,11,7,True
2024-02-12,2024,2,12,1,False
2024-02-13,2024,2,13,2,False
2024-02-14,2024,2,14,3,False
2024-02-15,2024,2,15,4,False
2024-02-16,2024,2,16,5,False
2024-02-17,2024,2,17,6,True
2024-02-18,2024,2,18,7,True
2024-02-19,2024,2,19,1,False
2024-02-20,2024,2,20,2,False
2024-02-21,2024,2,21,3,False
2024-02-22,2024,2,22,4,False
2024-02-23,2024,2,23,5,False
2024-02-24,2024,2,24,6,True
2024-02-25,2024,2,25,7,True
2024-02-26,2024,2,26,1,False
2024-02-27,2024,2,27,2,False
2024-02-28,2024,2,28,3,False
2024-02-29,2024,2,29,4,False
2024-03-01,2024,3,1,5,False
2024-03-02,2024,3,2,6,True
2024-03-03,2024,3,3,7,True
2024-03-04,2024,3,4,1,False
2024-03-05,2024,3,5,2,False
2024-03-06,2024,3,6,3,False
2024-03-07,2024,3,7,4,False
2024-03-08,2024,3,8,5,False
2024-03-09,2024,3,9,6,True
2024-03-10,2024,3,10,7,True
2024-03-11,2024,3,11,1,False
2024-03-12,2024,3,12,2,False
2024-03-13,2024,3,13,3,False
2024-03-14,2024,3,14,4,False
2024-03-15,2024,3,15,5,False
2024-03-16,2024,3,16,6,True
2024-03-17,2024,3,17,7,True
2024-03-18,2024,3,18,1,False
2024-03-19,2024,3,19,2,False
2024-03-20,2024,3,20,3,False
2024-03-21,2024,3,21,4,False
2024-03-22,2024,3,22,5,False
2024-03-23,2024,3,23,6,True
2024-03-24,2024,3,24,7,True
2024-03-25,2024,3,25,1,False
2024-03-26,2024,3,26,2,False
2024-03-27,2024,3,27,3,False
2024-03-28,2024,3,28,4,False
2024-03-29,2024,3,29,5,False
2024-03-30,2024,3,30,6,True
2024-03-31,2024,3,31,7,True
2024-04-01,2024,4,1,1,False
2024-04-02,2024,4,2,2,False
2024-04-03,2024,4,3,3,False
2024-04-04,2024,4,4,4,False
2024-04-05,2024,4,5,5,False
2024-04-06,2024,4,6,6,True
2024-04-07,2024,4,7,7,True
2024-04-08,2024,4,8,1,False
2024-04-09,2024,4,9,2,False
2024-04-10,2024,4,10,3,False
2024-04-11,2024,4,11,4,False
2024-04-12,2024,4,12,5,False
2024-04-13,2024,4,13,6,True
2024-04-14,2024,4,14,7,True
2024-04-15,2024,4,15,1,False
2024-04-16,2024,4,16,2,False
2024-04-17,2024,4,17,3,False
2024-04-18,2024,4,18,4,False
2024-04-19,2024,4,19,5,False
2024-04-20,2024,4,20,6,True
2024-04-21,2024,4,21,7,True
2024-04-22,2024,4,22,1,False
2024-04-23,2024,4,23,2,False
2024-04-24,2024,4,24,3,False
2024-04-25,2024,4,25,4,False
2024-04-26,2024,4,26,5,False
2024-04-27,2024,4,27,6,True
2024-04-28,2024,4,28,7,True
2024-04-29,2024,4,29,1,False
2024-04-30,2024,4,30,2,False
2024-05-01,2024,5,1,3,False
2024-05-02,2024,5,2,4,False
2024-05-03,2024,5,3,5,False
2024-05-04,2024,5,4,6,True
2024-05-05,2024,5,5,7,True
2024-05-06,2024,5,6,1,False
2024-05-07,2024,5,7,2,False
2024-05-08,2024,5,8,3,False
2024-05-09,2024,5,9,4,False
2024-05-10,2024,5,10,5,False
2024-05-11,2024,5,11,6,True
2024-05-12,2024,5,12,7,True
2024-05-13,2024,5,13,1,False
2024-05-14,2024,5,14,2,False
2024-05-15,2024,5,15,3,False
2024-05-16,2024,5,16,4,False
2024-05-17,2024,5,17,5,False
2024-05-18,2024,5,18,6,True
2024-05-19,2024,5,19,7,True
2024-05-20,2024,5,20,1,False
2024-05-21,2024,5,21,2,False
2024-05-22,2024,5,22,3,False
2024-05-23,2024,5,23,4,False
2024-05-24,2024,5,24,5,False
2024-05-25,2024,5,25,6,True
2024-05-26,2024,5,26,7,True
2024-05-27,2024,5,27,1,False
2024-05-28,2024,5,28,2,False
2024-05-29,2024,5,29,3,False
2024-05-30,2024,5,30,4,False
2024-05-31,2024,5,31,5,False
2024-06-01,2024,6,1,6,True
2024-06-02,2024,6,2,7,True
2024-06-03,2024,6,3,1,False
2024-06-04,2024,6,4,2,False
2024-06-05,2024,6,5,3,False
2024-06-06,2024,6,6,4,False
2024-06-07,2024,6,7,5,False
2024-06-08,2024,6,8,6,True
2024-06-09,2024,6,9,7,True
2024-06-10,2024,6,10,1,False
2024-06-11,2024,6,11,2,False
2024-06-12,2024,6,12,3,False
2024-06-13,2024,6,13,4,False
2024-06-14,2024,6,14,5,False
2024-06-15,2024,6,15,6,True
2024-06-16,2024,6,16,7,True
2024-06-17,2024,6,17,1,False
2024-06-18,2024,6,18,2,False
2024-06-19,2024,6,19,3,False
2024-06-20,2024,6,20,4,False
2024-06-21,2024,6,21,5,False
2024-06-22,2024,6,22,6,True
2024-06-23,2024,6,23,7,True
2024-06-24,2024,6,24,1,False
2024-06-25,2024,6,25,2,False
2024-06-26,2024,6,26,3,False
2024-06-27,2024,6,27,4,False
2024-06-28,2024,6,28,5,False
2024-06-29,2024,6,29,6,True
2024-06-30,2024,6,30,7,True
2024-07-01,2024,7,1,1,False
2024-07-02,2024,7,2,2,False
2024-07-03,2024,7,3,3,False
2024-07-04,2024,7,4,4,False
2024-07-05,2024,7,5,5,False
2024-07-06,2024,7,6,6,True
2024-07-07,2024,7,7,7,True
2024-07-08,2024,7,8,1,False
2024-07-09,2024,7,9,2,False
2024-07-10,2024,7,10,3,False
2024-07-11,2024,7,11,4,False
2024-07-12,2024,7,12,5,False
2024-07-13,2024,7,13,6,True
2024-07-14,2024,7,14,7,True
2024-07-15,2024,7,15,1,False
2024-07-16,2024,7,16,2,False
2024-07-17,2024,7,17,3,False
2024-07-18,2024,7,18,4,False
2024-07-19,2024,7,19,5,False
2024-07-20,2024,7,20,6,True
2024-07-21,2024,7,21,7,True
2024-07-22,2024,7,22,1,False
2024-07-23,2024,7,23,2,False
2024-07-24,2024,7,24,3,False
2024-07-25,2024,7,25,4,False
2024-07-26,2024,7,26,5,False
2024-07-27,2024,7,27,6,True
2024-07-28,2024,7,28,7,True
2024-07-29,2024,7,29,1,False
2024-07-30,2024,7,30,2,False
2024-07-31,2024,7,31,3,False
2024-08-01,2024,8,1,4,False
2024-08-02,2024,8,2,5,False
2024-08-03,2024,8,3,6,True
2024-08-04,2024,8,4,7,True
2024-08-05,2024,8,5,1,False
2024-08-06,2024,8,6,2,False
2024-08-07,2024,8,7,3,False
2024-08-08,2024,8,8,4,False
2024-08-09,2024,8,9,5,False
2024-08-10,2024,8,10,6,True
2024-08-11,2024,8,11,7,True
2024-08-12,2024,8,12,1,False
2024-08-13,2024,8,13,2,False
2024-08-14,2024,8,14,3,False
2024-08-15,2024,8,15,4,False
2024-08-16,2024,8,16,5,False
2024-08-17,2024,8,17,6,True
2024-08-18,2024,8,18,7,True
2024-08-19,2024,8,19,1,False
2024-08-20,2024,8,20,2,False
2024-08-21,2024,8,21,3,False
2024-08-22,2024,8,22,4,False
2024-08-23,2024,8,23,5,False
2024-08-24,2024,8,24,6,True
2024-08-25,2024,8,25,7,True
2024-08-26,2024,8,26,1,False
2024-08-27,2024,8,27,2,False
2024-08-28,2024,8,28,3,False
2024-08-29,2024,8,29,4,False
2024-08-30,2024,8,30,5,False
2024-08-31,2024,8,31,6,True
2024-09-01,2024,9,1,7,True
2024-09-02,2024,9,2,1,False
2024-09-03,2024,9,3,2,False
2024-09-04,2024,9,4,3,False
2024-09-05,2024,9,5,4,False
2024-09-06,2024,9,6,5,False
2024-09-07,2024,9,7,6,True
2024-09-08,2024,9,8,7,True
2024-09-09,2024,9,9,1,False
2024-09-10,2024,9,10,2,False
2024-09-11,2024,9,11,3,False
2024-09-12,2024,9,12,4,False
2024-09-13,2024,9,13,5,False
2024-09-14,2024,9,14,6,True
2024-09-15,2024,9,15,7,True
2024-09-16,2024,9,16,1,False
2024-09-17,2024,9,17,2,False
2024-09-18,2024,9,18,3,False
2024-09-19,2024,9,19,4,False
2024-09-20,2024,9,20,5,False
2024-09-21,2024,9,21,6,True
2024-09-22,2024,9,22,7,True
2024-09-23,2024,9,23,1,False
2024-09-24,2024,9,24,2,False
2024-09-25,2024,9,25,3,False
2024-09-26,2024,9,26,4,False
2024-09-27,2024,9,27,5,False
2024-09-28,2024,9,28,6,True
2024-09-29,2024,9,29,7,True
2024-09-30,2024,9,30,1,False
2024-10-01,2024,10,1,2,False
2024-10-02,2024,10,2,3,False
2024-10-03,2024,10,3,4,False
2024-10-04,2024,10,4,5,False
2024-10-05,2024,10,5,6,True
2024-10-06,2024,10,6,7,True
2024-10-07,2024,10,7,1,False
2024-10-08,2024,10,8,2,False
2024-10-09,2024,10,9,3,False
2024-10-10,2024,10,10,4,False
2024-10-11,2024,10,11,5,False
2024-10-12,2024,10,12,6,True
2024-10-13,2024,10,13,7,True
2024-10-14,2024,10,14,1,False
2024-10-15,2024,10,15,2,False
2024-10-16,2024,10,16,3,False
2024-10-17,2024,10,17,4,False
2024-10-18,2024,10,18,5,False
2024-10-19,2024,10,19,6,True
2024-10-20,2024,10,20,7,True
2024-10-21,2024,10,21,1,False
2024-10-22,2024,10,22,2,False
2024-10-23,2024,10,23,3,False
2024-10-24,2024,10,24,4,False
2024-10-25,2024,10,25,5,False
2024-10-26,2024,10,26,6,True
2024-10-27,2024,10,27,7,True
2024-10-28,2024,10,28,1,False
2024-10-29,2024,10,29,2,False
2024-10-30,2024,10,30,3,False
2024-10-31,2024,10,31,4,False
2024-11-01,2024,11,1,5,False
2024-11-02,2024,11,2,6,True
2024-11-03,2024,11,3,7,True
2024-11-04,2024,11,4,1,False
2024-11-05,2024,11,5,2,False
2024-11-06,2024,11,6,3,False
2024-11-07,2024,11,7,4,False
2024-11-08,2024,11,8,5,False
2024-11-09,2024,11,9,6,True
2024-11-10,2024,11,10,7,True
2024-11-11,2024,11,11,1,False
2024-11-12,2024,11,12,2,False
2024-11-13,2024,11,13,3,False
2024-11-14,2024,11,14,4,False
2024-11-15,2024,11,15,5,False
2024-11-16,2024,11,16,6,True
2024-11-17,2024,11,17,7,True
2024-11-18,2024,11,18,1,False
2024-11-19,2024,11,19,2,False
2024-11-20,2024,11,20,3,False
2024-11-21,2024,11,21,4,False
2024-11-22,2024,11,22,5,False
2024-11-23,2024,11,23,6,True
2024-11-24,2024,11,24,7,True
2024-11-25,2024,11,25,1,False
2024-11-26,2024,11,26,2,False
2024-11-27,2024,11,27,3,False
2024-11-28,2024,11,28,4,False
2024-11-29,2024,11,29,5,False
2024-11-30,2024,11,30,6,True
2024-12-01,2024,12,1,7,True
2024-12-02,2024,12,2,1,False
2024-12-03,2024,12,3,2,False
2024-12-04,2024,12,4,3,False
2024-12-05,2024,12,5,4,False
2024-12-06,2024,12,6,5,False
2024-12-07,2024,12,7,6,True
2024-12-08,2024,12,8,7,True
2024-12-09,2024,12,9,1,False
2024-12-10,2024,12,10,2,False
2024-12-11,2024,12,11,3,False
2024-12-12,2024,12,12,4,False
2024-12-13,2024,12,13,5,False
2024-12-14,2024,12,14,6,True
2024-12-15,2024,12,15,7,True
2024-12-16,2024,12,16,1,False
2024-12-17,2024,12,17,2,False
2024-12-18,2024,12,18,3,False
2024-12-19,2024,12,19,4,False
2024-12-20,2024,12,20,5,False
2024-12-21,2024,12,21,6,True
2024-12-22,2024,12,22,7,True
2024-12-23,2024,12,23,1,False
2024-12-24,2024,12,24,2,False
2024-12-25,2024,12,25,3,False
2024-12-26,2024,12,26,4,False
2024-12-27,2024,12,27,5,False
2024-12-28,2024,12,28,6,True
2024-12-29,2024,12,29,7,True
2024-12-30,2024,12,30,1,False
2024-12-31,2024,12,31,2,False
2025-01-01,2025,1,1,3,False
2025-01-02,2025,1,2,4,False
2025-01-03,2025,1,3,5,False
2025-01-04,2025,1,4,6,True
2025-01-05,2025,1,5,7,True
2025-01-06,2025,1,6,1,False
2025-01-07,2025,1,7,2,False
2025-01-08,2025,1,8,3,False
2025-01-09,2025,1,9,4,False
2025-01-10,2025,1,10,5,False
2025-01-11,2025,1,11,6,True
2025-01-12,2025,1,12,7,True
2025-01-13,2025,1,13,1,False
2025-01-14,2025,1,14,2,False
2025-01-15,2025,1,15,3,False
2025-01-16,2025,1,16,4,False
2025-01-17,2025,1,17,5,False
2025-01-18,2025,1,18,6,True
2025-01-19,2025,1,19,7,True
2025-01-20,2025,1,20,1,False
2025-01-21,2025,1,21,2,False
2025-01-22,2025,1,22,3,False
2025-01-23,2025,1,23,4,False
2025-01-24,2025,1,24,5,False
2025-01-25,2025,1,25,6,True
2025-01-26,2025,1,26,7,True
2025-01-27,2025,1,27,1,False
2025-01-28,2025,1,28,2,False
2025-01-29,2025,1,29,3,False
2025-01-30,2025,1,30,4,False
2025-01-31,2025,1,31,5,False
2025-02-01,2025,2,1,6,True
2025-02-02,2025,2,2,7,True
2025-02-03,2025,2,3,1,False
2025-02-04,2025,2,4,2,False
2025-02-05,2025,2,5,3,False
2025-02-06,2025,2,6,4,False
2025-02-07,2025,2,7,5,False
2025-02-08,2025,2,8,6,True
2025-02-09,2025,2,9,7,True
2025-02-10,2025,2,10,1,False
2025-02-11,2025,2,11,2,False
2025-02-12,2025,2,12,3,False
2025-02-13,2025,2,13,4,False
2025-02-14,2025,2,14,5,False
2025-02-15,2025,2,15,6,True
2025-02-16,2025,2,16,7,True
2025-02-17,2025,2,17,1,False
2025-02-18,2025,2,18,2,False
2025-02-19,2025,2,19,3,False
2025-02-20,2025,2,20,4,False
2025-02-21,2025,2,21,5,False
2025-02-22,2025,2,22,6,True
2025-02-23,2025,2,23,7,True
2025-02-24,2025,2,24,1,False
2025-02-25,2025,2,25,2,False
2025-02-26,2025,2,26,3,False
2025-02-27,2025,2,27,4,False
2025-02-28,2025,2,28,5,False
2025-03-01,2025,3,1,6,True
2025-03-02,2025,3,2,7,True
2025-03-03,2025,3,3,1,False
2025-03-04,2025,3,4,2,False
2025-03-05,2025,3,5,3,False
2025-03-06,2025,3,6,4,False
2025-03-07,2025,3,7,5,False
2025-03-08,2025,3,8,6,True
2025-03-09,2025,3,9,7,True
2025-03-10,2025,3,10,1,False
2025-03-11,2025,3,11,2,False
2025-03-12,2025,3,12,3,False
2025-03-13,2025,3,13,4,False
2025-03-14,2025,3,14,5,False
2025-03-15,2025,3,15,6,True
2025-03-16,2025,3,16,7,True
2025-03-17,2025,3,17,1,False
2025-03-18,2025,3,18,2,False
2025-03-19,2025,3,19,3,False
2025-03-20,2025,3,20,4,False
2025-03-21,2025,3,21,5,False
2025-03-22,2025,3,22,6,True
2025-03-23,2025,3,23,7,True
2025-03-24,2025,3,24,1,False
2025-03-25,2025,3,25,2,False
2025-03-26,2025,3,26,3,False
2025-03-27,2025,3,27,4,False
2025-03-28,2025,3,28,5,False
2025-03-29,2025,3,29,6,True
2025-03-30,2025,3,30,7,True
2025-03-31,2025,3,31,1,False
2025-04-01,2025,4,1,2,False
2025-04-02,2025,4,2,3,False
2025-04-03,2025,4,3,4,False
2025-04-04,2025,4,4,5,False
2025-04-05,2025,4,5,6,True
2025-04-06,2025,4,6,7,True
2025-04-07,2025,4,7,1,False
2025-04-08,2025,4,8,2,False
2025-04-09,2025,4,9,3,False
2025-04-10,2025,4,10,4,False
2025-04-11,2025,4,11,5,False
2025-04-12,2025,4,12,6,True
2025-04-13,2025,4,13,7,True
2025-04-14,2025,4,14,1,False
2025-04-15,2025,4,15,2,False
2025-04-16,2025,4,16,3,False
2025-04-17,2025,4,17,4,False
2025-04-18,2025,4,18,5,False
2025-04-19,2025,4,19,6,True
2025-04-20,2025,4,20,7,True
2025-04-21,2025,4,21,1,False
2025-04-22,2025,4,22,2,False
2025-04-23,2025,4,23,3,False
2025-04-24,2025,4,24,4,False
2025-04-25,2025,4,25,5,False
2025-04-26,2025,4,26,6,True
2025-04-27,2025,4,27,7,True
2025-04-28,2025,4,28,1,False
2025-04-29,2025,4,29,2,False
2025-04-30,2025,4,30,3,False
2025-05-01,2025,5,1,4,False
2025-05-02,2025,5,2,5,False
2025-05-03,2025,5,3,6,True
2025-05-04,2025,5,4,7,True
2025-05-05,2025,5,5,1,False
2025-05-06,2025,5,6,2,False
2025-05-07,2025,5,7,3,False
2025-05-08,2025,5,8,4,False
2025-05-09,2025,5,9,5,False
2025-05-10,2025,5,10,6,True
2025-05-11,2025,5,11,7,True
2025-05-12,2025,5,12,1,False
2025-05-13,2025,5,13,2,False
2025-05-14,2025,5,14,3,False
2025-05-15,2025,5,15,4,False
2025-05-16,2025,5,16,5,False
2025-05-17,2025,5,17,6,True
2025-05-18,2025,5,18,7,True
2025-05-19,2025,5,19,1,False
2025-05-20,2025,5,20,2,False
2025-05-21,2025,5,21,3,False
2025-05-22,2025,5,22,4,False
2025-05-23,2025,5,23,5,False
2025-05-24,2025,5,24,6,True
2025-05-25,2025,5,25,7,True
2025-05-26,2025,5,26,1,False
2025-05-27,2025,5,27,2,False
2025-05-28,2025,5,28,3,False
2025-05-29,2025,5,29,4,False
2025-05-30,2025,5,30,5,False
2025-05-31,2025,5,31,6,True
2025-06-01,2025,6,1,7,True
2025-06-02,2025,6,2,1,False
2025-06-03,2025,6,3,2,False
2025-06-04,2025,6,4,3,False
2025-06-05,2025,6,5,4,False
2025-06-06,2025,6,6,5,False
2025-06-07,2025,6,7,6,True
2025-06-08,2025,6,8,7,True
2025-06-09,2025,6,9,1,False
2025-06-10,2025,6,10,2,False
2025-06-11,2025,6,11,3,False
2025-06-12,2025,6,12,4,False
2025-06-13,2025,6,13,5,False
2025-06-14,2025,6,14,6,True
2025-06-15,2025,6,15,7,True
2025-06-16,2025,6,16,1,False
2025-06-17,2025,6,17,2,False
2025-06-18,2025,6,18,3,False
2025-06-19,2025,6,19,4,False
2025-06-20,2025,6,20,5,False
2025-06-21,2025,6,21,6,True
2025-06-22,2025,6,22,7,True
2025-06-23,2025,6,23,1,False
2025-06-24,2025,6,24,2,False
2025-06-25,2025,6,25,3,False
2025-06-26,2025,6,26,4,False
2025-06-27,2025,6,27,5,False
2025-06-28,2025,6,28,6,True
2025-06-29,2025,6,29,7,True
2025-06-30,2025,6,30,1,False
2025-07-01,2025,7,1,2,False
2025-07-02,2025,7,2,3,False
2025-07-03,2025,7,3,4,False
2025-07-04,2025,7,4,5,False
2025-07-05,2025,7,5,6,True
2025-07-06,2025,7,6,7,True
2025-07-07,2025,7,7,1,False
2025-07-08,2025,7,8,2,False
2025-07-09,2025,7,9,3,False
2025-07-10,2025,7,10,4,False
2025-07-11,2025,7,11,5,False
2025-07-12,2025,7,12,6,True
2025-07-13,2025,7,13,7,True
2025-07-14,2025,7,14,1,False
2025-07-15,2025,7,15,2,False
2025-07-16,2025,7,16,3,False
2025-07-17,2025,7,17,4,False
2025-07-18,2025,7,18,5,False
2025-07-19,2025,7,19,6,True
2025-07-20,2025,7,20,7,True
2025-07-21,2025,7,21,1,False
2025-07-22,2025,7,22,2,False
2025-07-23,2025,7,23,3,False
2025-07-24,2025,7,24,4,False
2025-07-25,2025,7,25,5,False
2025-07-26,2025,7,26,6,True
2025-07-27,2025,7,27,7,True
2025-07-28,2025,7,28,1,False
2025-07-29,2025,7,29,2,False
2025-07-30,2025,7,30,3,False
2025-07-31,2025,7,31,4,False
2025-08-01,2025,8,1,5,False
2025-08-02,2025,8,2,6,True
2025-08-03,2025,8,3,7,True
2025-08-04,2025,8,4,1,False
2025-08-05,2025,8,5,2,False
2025-08-06,2025,8,6,3,False
2025-08-07,2025,8,7,4,False
2025-08-08,2025,8,8,5,False
2025-08-09,2025,8,9,6,True
2025-08-10,2025,8,10,7,True
2025-08-11,2025,8,11,1,False
2025-08-12,2025,8,12,2,False
2025-08-13,2025,8,13,3,False
2025-08-14,2025,8,14,4,False
2025-08-15,2025,8,15,5,False
2025-08-16,2025,8,16,6,True
2025-08-17,2025,8,17,7,True
2025-08-18,2025,8,18,1,False
2025-08-19,2025,8,19,2,False
2025-08-20,2025,8,20,3,False
2025-08-21,2025,8,21,4,False
2025-08-22,2025,8,22,5,False
2025-08-23,2025,8,23,6,True
2025-08-24,2025,8,24,7,True
2025-08-25,2025,8,25,1,False
2025-08-26,2025,8,26,2,False
2025-08-27,2025,8,27,3,False
2025-08-28,2025,8,28,4,False
2025-08-29,2025,8,29,5,False
2025-08-30,2025,8,30,6,True
2025-08-31,2025,8,31,7,True
2025-09-01,2025,9,1,1,False
2025-09-02,2025,9,2,2,False
2025-09-03,2025,9,3,3,False
2025-09-04,2025,9,4,4,False
2025-09-05,2025,9,5,5,False
2025-09-06,2025,9,6,6,True
2025-09-07,2025,9,7,7,True
2025-09-08,2025,9,8,1,False
2025-09-09,2025,9,9,2,False
2025-09-10,2025,9,10,3,False
2025-09-11,2025,9,11,4,False
2025-09-12,2025,9,12,5,False
2025-09-13,2025,9,13,6,True
2025-09-14,2025,9,14,7,True
2025-09-15,2025,9,15,1,False
2025-09-16,2025,9,16,2,False
2025-09-17,2025,9,17,3,False
2025-09-18,2025,9,18,4,False
2025-09-19,2025,9,19,5,False
2025-09-20,2025,9,20,6,True
2025-09-21,2025,9,21,7,True
2025-09-22,2025,9,22,1,False
2025-09-23,2025,9,23,2,False
2025-09-24,2025,9,24,3,False
2025-09-25,2025,9,25,4,False
2025-09-26,2025,9,26,5,False
2025-09-27,2025,9,27,6,True
2025-09-28,2025,9,28,7,True
2025-09-29,2025,9,29,1,False
2025-09-30,2025,9,30,2,False
2025-10-01,2025,10,1,3,False
2025-10-02,2025,10,2,4,False
2025-10-03,2025,10,3,5,False
2025-10-04,2025,10,4,6,True
2025-10-05,2025,10,5,7,True
2025-10-06,2025,10,6,1,False
2025-10-07,2025,10,7,2,False
2025-10-08,2025,10,8,3,False
2025-10-09,2025,10,9,4,False
2025-10-10,2025,10,10,5,False
2025-10-11,2025,10,11,6,True
2025-10-12,2025,10,12,7,True
2025-10-13,2025,10,13,1,False
2025-10-14,2025,10,14,2,False
2025-10-15,2025,10,15,3,False
2025-10-16,2025,10,16,4,False
2025-10-17,2025,10,17,5,False
2025-10-18,2025,10,18,6,True
2025-10-19,2025,10,19,7,True
2025-10-20,2025,10,20,1,False
2025-10-21,2025,10,21,2,False
2025-10-22,2025,10,22,3,False
2025-10-23,2025,10,23,4,False
2025-10-24,2025,10,24,5,False
2025-10-25,2025,10,25,6,True
2025-10-26,2025,10,26,7,True
2025-10-27,2025,10,27,1,False
2025-10-28,2025,10,28,2,False
2025-10-29,2025,10,29,3,False
2025-10-30,2025,10,30,4,False
2025-10-31,2025,10,31,5,False
2025-11-01,2025,11,1,6,True
2025-11-02,2025,11,2,7,True
2025-11-03,2025,11,3,1,False
2025-11-04,2025,11,4,2,False
2025-11-05,2025,11,5,3,False
2025-11-06,2025,11,6,4,False
2025-11-07,2025,11,7,5,False
2025-11-08,2025,11,8,6,True
2025-11-09,2025,11,9,7,True
2025-11-10,2025,11,10,1,False
2025-11-11,2025,11,11,2,False
2025-11-12,2025,11,12,3,False
2025-11-13,2025,11,13,4,False
2025-11-14,2025,11,14,5,False
2025-11-15,2025,11,15,6,True
2025-11-16,2025,11,16,7,True
2025-11-17,2025,11,17,1,False
2025-11-18,2025,11,18,2,False
2025-11-19,2025,11,19,3,False
2025-11-20,2025,11,20,4,False
2025-11-21,2025,11,21,5,False
2025-11-22,2025,11,22,6,True
2025-11-23,2025,11,23,7,True
2025-11-24,2025,11,24,1,False
2025-11-25,2025,11,25,2,False
2025-11-26,2025,11,26,3,False
2025-11-27,2025,11,27,4,False
2025-11-28,2025,11,28,5,False
2025-11-29,2025,11,29,6,True
2025-11-30,2025,11,30,7,True
2025-12-01,2025,12,1,1,False
2025-12-02,2025,12,2,2,False
2025-12-03,2025,12,3,3,False
2025-12-04,2025,12,4,4,False
2025-12-05,2025,12,5,5,False
2025-12-06,2025,12,6,6,True
2025-12-07,2025,12,7,7,True
2025-12-08,2025,12,8,1,False
2025-12-09,2025,12,9,2,False
2025-12-10,2025,12,10,3,False
2025-12-11,2025,12,11,4,False
2025-12-12,2025,12,12,5,False
2025-12-13,2025,12,13,6,True
2025-12-14,2025,12,14,7,True
2025-12-15,2025,12,15,1,False
2025-12-16,2025,12,16,2,False
2025-12-17,2025,12,17,3,False
2025-12-18,2025,12,18,4,False
2025-12-19,2025,12,19,5,False
2025-12-20,2025,12,20,6,True
2025-12-21,2025,12,21,7,True
2025-12-22,2025,12,22,1,False
2025-12-23,2025,12,23,2,False
2025-12-24,2025,12,24,3,False
2025-12-25,2025,12,25,4,False
2025-12-26,2025,12,26,5,False
2025-12-27,2025,12,27,6,True
2025-12-28,2025,12,28,7,True
2025-12-29,2025,12,29,1,False
2025-12-30,2025,12,30,2,False
2025-12-31,2025,12,31,3,False
2026-01-01,2026,1,1,4,False
2026-01-02,2026,1,2,5,False
2026-01-03,2026,1,3,6,True
2026-01-04,2026,1,4,7,True
2026-01-05,2026,1,5,1,False
2026-01-06,2026,1,6,2,False
2026-01-07,2026,1,7,3,False
2026-01-08,2026,1,8,4,False
2026-01-09,2026,1,9,5,False
2026-01-10,2026,1,10,6,True
2026-01-11,2026,1,11,7,True
2026-01-12,2026,1,12,1,False
2026-01-13,2026,1,13,2,False
2026-01-14,2026,1,14,3,False
2026-01-15,2026,1,15,4,False
2026-01-16,2026,1,16,5,False
2026-01-17,2026,1,17,6,True
2026-01-18,2026,1,18,7,True
2026-01-19,2026,1,19,1,False
2026-01-20,2026,1,20,2,False
2026-01-21,2026,1,21,3,False
2026-01-22,2026,1,22,4,False
2026-01-23,2026,1,23,5,False
2026-01-24,2026,1,24,6,True
2026-01-25,2026,1,25,7,True
2026-01-26,2026,1,26,1,False
2026-01-27,2026,1,27,2,False
2026-01-28,2026,1,28,3,False
2026-01-29,2026,1,29,4,False
2026-01-30,2026,1,30,5,False
2026-01-31,2026,1,31,6,True
2026-02-01,2026,2,1,7,True
2026-02-02,2026,2,2,1,False
2026-02-03,2026,2,3,2,False
2026-02-04,2026,2,4,3,False
2026-02-05,2026,2,5,4,False
2026-02-06,2026,2,6,5,False
2026-02-07,2026,2,7,6,True
2026-02-08,2026,2,8,7,True
2026-02-09,2026,2,9,1,False
2026-02-10,2026,2,10,2,False
2026-02-11,2026,2,11,3,False
2026-02-12,2026,2,12,4,False
2026-02-13,2026,2,13,5,False
2026-02-14,2026,2,14,6,True
2026-02-15,2026,2,15,7,True
2026-02-16,2026,2,16,1,False
2026-02-17,2026,2,17,2,False
2026-02-18,2026,2,18,3,False
2026-02-19,2026,2,19,4,False
2026-02-20,2026,2,20,5,False
2026-02-21,2026,2,21,6,True
2026-02-22,2026,2,22,7,True
2026-02-23,2026,2,23,1,False
2026-02-24,2026,2,24,2,False
2026-02-25,2026,2,25,3,False
2026-02-26,2026,2,26,4,False
2026-02-27,2026,2,27,5,False
2026-02-28,2026,2,28,6,True
2026-03-01,2026,3,1,7,True
2026-03-02,2026,3,2,1,False
2026-03-03,2026,3,3,2,False
2026-03-04,2026,3,4,3,False
2026-03-05,2026,3,5,4,False
2026-03-06,2026,3,6,5,False
2026-03-07,2026,3,7,6,True
2026-03-08,2026,3,8,7,True
2026-03-09,2026,3,9,1,False
2026-03-10,2026,3,10,2,False
2026-03-11,2026,3,11,3,False
2026-03-12,2026,3,12,4,False
2026-03-13,2026,3,13,5,False
2026-03-14,2026,3,14,6,True
2026-03-15,2026,3,15,7,True
2026-03-16,2026,3,16,1,False
2026-03-17,2026,3,17,2,False
2026-03-18,2026,3,18,3,False
2026-03-19,2026,3,19,4,False
2026-03-20,2026,3,20,5,False
2026-03-21,2026,3,21,6,True
2026-03-22,2026,3,22,7,True
2026-03-23,2026,3,23,1,False
2026-03-24,2026,3,24,2,False
2026-03-25,2026,3,25,3,False
2026-03-26,2026,3,26,4,False
2026-03-27,2026,3,27,5,False
2026-03-28,2026,3,28,6,True
2026-03-29,2026,3,29,7,True
2026-03-30,2026,3,30,1,False
2026-03-31,2026,3,31,2,False
2026-04-01,2026,4,1,3,False
2026-04-02,2026,4,2,4,False
2026-04-03,2026,4,3,5,False
2026-04-04,2026,4,4,6,True
2026-04-05,2026,4,5,7,True
2026-04-06,2026,4,6,1,False
2026-04-07,2026,4,7,2,False
2026-04-08,2026,4,8,3,False
2026-04-09,2026,4,9,4,False
2026-04-10,2026,4,10,5,False
2026-04-11,2026,4,11,6,True
2026-04-12,2026,4,12,7,True
2026-04-13,2026,4,13,1,False
2026-04-14,2026,4,14,2,False
2026-04-15,2026,4,15,3,False
2026-04-16,2026,4,16,4,False
2026-04-17,2026,4,17,5,False
2026-04-18,2026,4,18,6,True
2026-04-19,2026,4,19,7,True
2026-04-20,2026,4,20,1,False
2026-04-21,2026,4,21,2,False
2026-04-22,2026,4,22,3,False
2026-04-23,2026,4,23,4,False
2026-04-24,2026,4,24,5,False
2026-04-25,2026,4,25,6,True
2026-04-26,2026,4,26,7,True
2026-04-27,2026,4,27,1,False
2026-04-28,2026,4,28,2,False
2026-04-29,2026,4,29,3,False
2026-04-30,2026,4,30,4,False
2026-05-01,2026,5,1,5,False
2026-05-02,2026,5,2,6,True
2026-05-03,2026,5,3,7,True
2026-05-04,2026,5,4,1,False
2026-05-05,2026,5,5,2,False
2026-05-06,2026,5,6,3,False
2026-05-07,2026,5,7,4,False
2026-05-08,2026,5,8,5,False
2026-05-09,2026,5,9,6,True
2026-05-10,2026,5,10,7,True
2026-05-11,2026,5,11,1,False
2026-05-12,2026,5,12,2,False
2026-05-13,2026,5,13,3,False
2026-05-14,2026,5,14,4,False
2026-05-15,2026,5,15,5,False
2026-05-16,2026,5,16,6,True
2026-05-17,2026,5,17,7,True
2026-05-18,2026,5,18,1,False
2026-05-19,2026,5,19,2,False
2026-05-20,2026,5,20,3,False
2026-05-21,2026,5,21,4,False
2026-05-22,2026,5,22,5,False
2026-05-23,2026,5,23,6,True
2026-05-24,2026,5,24,7,True
2026-05-25,2026,5,25,1,False
2026-05-26,2026,5,26,2,False
2026-05-27,2026,5,27,3,False
2026-05-28,2026,5,28,4,False
2026-05-29,2026,5,29,5,False
2026-05-30,2026,5,30,6,True
2026-05-31,2026,5,31,7,True
2026-06-01,2026,6,1,1,False
2026-06-02,2026,6,2,2,False
2026-06-03,2026,6,3,3,False
2026-06-04,2026,6,4,4,False
2026-06-05,2026,6,5,5,False
2026-06-06,2026,6,6,6,True
2026-06-07,2026,6,7,7,True
2026-06-08,2026,6,8,1,False
2026-06-09,2026,6,9,2,False
2026-06-10,2026,6,10,3,False
2026-06-11,2026,6,11,4,False
2026-06-12,2026,6,12,5,False
2026-06-13,2026,6,13,6,True
2026-06-14,2026,6,14,7,True
2026-06-15,2026,6,15,1,False
2026-06-16,2026,6,16,2,False
2026-06-17,2026,6,17,3,False
2026-06-18,2026,6,18,4,False
2026-06-19,2026,6,19,5,False
2026-06-20,2026,6,20,6,True
2026-06-21,2026,6,21,7,True
2026-06-22,2026,6,22,1,False
2026-06-23,2026,6,23,2,False
2026-06-24,2026,6,24,3,False
2026-06-25,2026,6,25,4,False
2026-06-26,2026,6,26,5,False
2026-06-27,2026,6,27,6,True
2026-06-28,2026,6,28,7,True
2026-06-29,2026,6,29,1,False
2026-06-30,2026,6,30,2,False
2026-07-01,2026,7,1,3,False
2026-07-02,2026,7,2,4,False
2026-07-03,2026,7,3,5,False
2026-07-04,2026,7,4,6,True
2026-07-05,2026,7,5,7,True
2026-07-06,2026,7,6,1,False
2026-07-07,2026,7,7,2,False
2026-07-08,2026,7,8,3,False
2026-07-09,2026,7,9,4,False
2026-07-10,2026,7,10,5,False
2026-07-11,2026,7,11,6,True
2026-07-12,2026,7,12,7,True
2026-07-13,2026,7,13,1,False
2026-07-14,2026,7,14,2,False
2026-07-15,2026,7,15,3,False
2026-07-16,2026,7,16,4,False
2026-07-17,2026,7,17,5,False
2026-07-18,2026,7,18,6,True
2026-07-19,2026,7,19,7,True
2026-07-20,2026,7,20,1,False
2026-07-21,2026,7,21,2,False
2026-07-22,2026,7,22,3,False
2026-07-23,2026,7,23,4,False
2026-07-24,2026,7,24,5,False
2026-07-25,2026,7,25,6,True
2026-07-26,2026,7,26,7,True
2026-07-27,2026,7,27,1,False
2026-07-28,2026,7,28,2,False
2026-07-29,2026,7,29,3,False
2026-07-30,2026,7,30,4,False
2026-07-31,2026,7,31,5,False
2026-08-01,2026,8,1,6,True
2026-08-02,2026,8,2,7,True
2026-08-03,2026,8,3,1,False
2026-08-04,2026,8,4,2,False
2026-08-05,2026,8,5,3,False
2026-08-06,2026,8,6,4,False
2026-08-07,2026,8,7,5,False
2026-08-08,2026,8,8,6,True
2026-08-09,2026,8,9,7,True
2026-08-10,2026,8,10,1,False
2026-08-11,2026,8,11,2,False
2026-08-12,2026,8,12,3,False
2026-08-13,2026,8,13,4,False
2026-08-14,2026,8,14,5,False
2026-08-15,2026,8,15,6,True
2026-08-16,2026,8,16,7,True
2026-08-17,2026,8,17,1,False
2026-08-18,2026,8,18,2,False
2026-08-19,2026,8,19,3,False
2026-08-20,2026,8,20,4,False
2026-08-21,2026,8,21,5,False
2026-08-22,2026,8,22,6,True
2026-08-23,2026,8,23,7,True
2026-08-24,2026,8,24,1,False
2026-08-25,2026,8,25,2,False
2026-08-26,2026,8,26,3,False
2026-08-27,2026,8,27,4,False
2026-08-28,2026,8,28,5,False
2026-08-29,2026,8,29,6,True
2026-08-30,2026,8,30,7,True
2026-08-31,2026,8,31,1,False
2026-09-01,2026,9,1,2,False
2026-09-02,2026,9,2,3,False
2026-09-03,2026,9,3,4,False
2026-09-04,2026,9,4,5,False
2026-09-05,2026,9,5,6,True
2026-09-06,2026,9,6,7,True
2026-09-07,2026,9,7,1,False
2026-09-08,2026,9,8,2,False
2026-09-09,2026,9,9,3,False
2026-09-10,2026,9,10,4,False
2026-09-11,2026,9,11,5,False
2026-09-12,2026,9,12,6,True
2026-09-13,2026,9,13,7,True
2026-09-14,2026,9,14,1,False
2026-09-15,2026,9,15,2,False
2026-09-16,2026,9,16,3,False
2026-09-17,2026,9,17,4,False
2026-09-18,2026,9,18,5,False
2026-09-19,2026,9,19,6,True
2026-09-20,2026,9,20,7,True
2026-09-21,2026,9,21,1,False
2026-09-22,2026,9,22,2,False
2026-09-23,2026,9,23,3,False
2026-09-24,2026,9,24,4,False
2026-09-25,2026,9,25,5,False
2026-09-26,2026,9,26,6,True
2026-09-27,2026,9,27,7,True
2026-09-28,2026,9,28,1,False
2026-09-29,2026,9,29,2,False
2026-09-30,2026,9,30,3,False
2026-10-01,2026,10,1,4,False
2026-10-02,2026,10,2,5,False
2026-10-03,2026,10,3,6,True
2026-10-04,2026,10,4,7,True
2026-10-05,2026,10,5,1,False
2026-10-06,2026,10,6,2,False
2026-10-07,2026,10,7,3,False
2026-10-08,2026,10,8,4,False
2026-10-09,2026,10,9,5,False
2026-10-10,2026,10,10,6,True
2026-10-11,2026,10,11,7,True
2026-10-12,2026,10,12,1,False
2026-10-13,2026,10,13,2,False
2026-10-14,2026,10,14,3,False
2026-10-15,2026,10,15,4,False
2026-10-16,2026,10,16,5,False
2026-10-17,2026,10,17,6,True
2026-10-18,2026,10,18,7,True
2026-10-19,2026,10,19,1,False
2026-10-20,2026,10,20,2,False
2026-10-21,2026,10,21,3,False
2026-10-22,2026,10,22,4,False
2026-10-23,2026,10,23,5,False
2026-10-24,2026,10,24,6,True
2026-10-25,2026,10,25,7,True
2026-10-26,2026,10,26,1,False
2026-10-27,2026,10,27,2,False
2026-10-28,2026,10,28,3,False
2026-10-29,2026,10,29,4,False
2026-10-30,2026,10,30,5,False
2026-10-31,2026,10,31,6,True
2026-11-01,2026,11,1,7,True
2026-11-02,2026,11,2,1,False
2026-11-03,2026,11,3,2,False
2026-11-04,2026,11,4,3,False
2026-11-05,2026,11,5,4,False
2026-11-06,2026,11,6,5,False
2026-11-07,2026,11,7,6,True
2026-11-08,2026,11,8,7,True
2026-11-09,2026,11,9,1,False
2026-11-10,2026,11,10,2,False
2026-11-11,2026,11,11,3,False
2026-11-12,2026,11,12,4,False
2026-11-13,2026,11,13,5,False
2026-11-14,2026,11,14,6,True
2026-11-15,2026,11,15,7,True
2026-11-16,2026,11,16,1,False
2026-11-17,2026,11,17,2,False
2026-11-18,2026,11,18,3,False
2026-11-19,2026,11,19,4,False
2026-11-20,2026,11,20,5,False
2026-11-21,2026,11,21,6,True
2026-11-22,2026,11,22,7,True
2026-11-23,2026,11,23,1,False
2026-11-24,2026,11,24,2,False
2026-11-25,2026,11,25,3,False
2026-11-26,2026,11,26,4,False
2026-11-27,2026,11,27,5,False
2026-11-28,2026,11,28,6,True
2026-11-29,2026,11,29,7,True
2026-11-30,2026,11,30,1,False
2026-12-01,2026,12,1,2,False
2026-12-02,2026,12,2,3,False
2026-12-03,2026,12,3,4,False
2026-12-04,2026,12,4,5,False
2026-12-05,2026,12,5,6,True
2026-12-06,2026,12,6,7,True
2026-12-07,2026,12,7,1,False
2026-12-08,2026,12,8,2,False
2026-12-09,2026,12,9,3,False
2026-12-10,2026,12,10,4,False
2026-12-11,2026,12,11,5,False
2026-12-12,2026,12,12,6,True
2026-12-13,2026,12,13,7,True
2026-12-14,2026,12,14,1,False
2026-12-15,2026,12,15,2,False
2026-12-16,2026,12,16,3,False
2026-12-17,2026,12,17,4,False
2026-12-18,2026,12,18,5,False
2026-12-19,2026,12,19,6,True
2026-12-20,2026,12,20,7,True
2026-12-21,2026,12,21,1,False
2026-12-22,2026,12,22,2,False
2026-12-23,2026,12,23,3,False
2026-12-24,2026,12,24,4,False
2026-12-25,2026,12,25,5,False
2026-12-26,2026,12,26,6,True
2026-12-27,2026,12,27,7,True
2026-12-28,2026,12,28,1,False
2026-12-29,2026,12,29,2,False
2026-12-30,2026,12,30,3,False
2026-12-31,2026,12,31,4,False
2027-01-01,2027,1,1,5,False
2027-01-02,2027,1,2,6,True
2027-01-03,2027,1,3,7,True
2027-01-04,2027,1,4,1,False
2027-01-05,2027,1,5,2,False
2027-01-06,2027,1,6,3,False
2027-01-07,2027,1,7,4,False
2027-01-08,2027,1,8,5,False
2027-01-09,2027,1,9,6,True
2027-01-10,2027,1,10,7,True
2027-01-11,2027,1,11,1,False
2027-01-12,2027,1,12,2,False
2027-01-13,2027,1,13,3,False
2027-01-14,2027,1,14,4,False
2027-01-15,2027,1,15,5,False
2027-01-16,2027,1,16,6,True
2027-01-17,2027,1,17,7,True
2027-01-18,2027,1,18,1,False
2027-01-19,2027,1,19,2,False
2027-01-20,2027,1,20,3,False
2027-01-21,2027,1,21,4,False
2027-01-22,2027,1,22,5,False
2027-01-23,2027,1,23,6,True
2027-01-24,2027,1,24,7,True
2027-01-25,2027,1,25,1,False
2027-01-26,2027,1,26,2,False
2027-01-27,2027,1,27,3,False
2027-01-28,2027,1,28,4,False
2027-01-29,2027,1,29,5,False
2027-01-30,2027,1,30,6,True
2027-01-31,2027,1,31,7,True
2027-02-01,2027,2,1,1,False
2027-02-02,2027,2,2,2,False
2027-02-03,2027,2,3,3,False
2027-02-04,2027,2,4,4,False
2027-02-05,2027,2,5,5,False
2027-02-06,2027,2,6,6,True
2027-02-07,2027,2,7,7,True
2027-02-08,2027,2,8,1,False
2027-02-09,2027,2,9,2,False
2027-02-10,2027,2,10,3,False
2027-02-11,2027,2,11,4,False
2027-02-12,2027,2,12,5,False
2027-02-13,2027,2,13,6,True
2027-02-14,2027,2,14,7,True
2027-02-15,2027,2,15,1,False
2027-02-16,2027,2,16,2,False
2027-02-17,2027,2,17,3,False
2027-02-18,2027,2,18,4,False
2027-02-19,2027,2,19,5,False
2027-02-20,2027,2,20,6,True
2027-02-21,2027,2,21,7,True
2027-02-22,2027,2,22,1,False
2027-02-23,2027,2,23,2,False
2027-02-24,2027,2,24,3,False
2027-02-25,2027,2,25,4,False
2027-02-26,2027,2,26,5,False
2027-02-27,2027,2,27,6,True
2027-02-28,2027,2,28,7,True
2027-03-01,2027,3,1,1,False
2027-03-02,2027,3,2,2,False
2027-03-03,2027,3,3,3,False
2027-03-04,2027,3,4,4,False
2027-03-05,2027,3,5,5,False
2027-03-06,2027,3,6,6,True
2027-03-07,2027,3,7,7,True
2027-03-08,2027,3,8,1,False
2027-03-09,2027,3,9,2,False
2027-03-10,2027,3,10,3,False
2027-03-11,2027,3,11,4,False
2027-03-12,2027,3,12,5,False
2027-03-13,2027,3,13,6,True
2027-03-14,2027,3,14,7,True
2027-03-15,2027,3,15,1,False
2027-03-16,2027,3,16,2,False
2027-03-17,2027,3,17,3,False
2027-03-18,2027,3,18,4,False
2027-03-19,2027,3,19,5,False
2027-03-20,2027,3,20,6,True
2027-03-21,2027,3,21,7,True
2027-03-22,2027,3,22,1,False
2027-03-23,2027,3,23,2,False
2027-03-24,2027,3,24,3,False
2027-03-25,2027,3,25,4,False
2027-03-26,2027,3,26,5,False
2027-03-27,2027,3,27,6,True
2027-03-28,2027,3,28,7,True
2027-03-29,2027,3,29,1,False
2027-03-30,2027,3,30,2,False
2027-03-31,2027,3,31,3,False
2027-04-01,2027,4,1,4,False
2027-04-02,2027,4,2,5,False
2027-04-03,2027,4,3,6,True
2027-04-04,2027,4,4,7,True
2027-04-05,2027,4,5,1,False
2027-04-06,2027,4,6,2,False
2027-04-07,2027,4,7,3,False
2027-04-08,2027,4,8,4,False
2027-04-09,2027,4,9,5,False
2027-04-10,2027,4,10,6,True
2027-04-11,2027,4,11,7,True
2027-04-12,2027,4,12,1,False
2027-04-13,2027,4,13,2,False
2027-04-14,2027,4,14,3,False
2027-04-15,2027,4,15,4,False
2027-04-16,2027,4,16,5,False
2027-04-17,2027,4,17,6,True
2027-04-18,2027,4,18,7,True
2027-04-19,2027,4,19,1,False
2027-04-20,2027,4,20,2,False
2027-04-21,2027,4,21,3,False
2027-04-22,2027,4,22,4,False
2027-04-23,2027,4,23,5,False
2027-04-24,2027,4,24,6,True
2027-04-25,2027,4,25,7,True
2027-04-26,2027,4,26,1,False
2027-04-27,2027,4,27,2,False
2027-04-28,2027,4,28,3,False
2027-04-29,2027,4,29,4,False
2027-04-30,2027,4,30,5,False
2027-05-01,2027,5,1,6,True
2027-05-02,2027,5,2,7,True
2027-05-03,2027,5,3,1,False
2027-05-04,2027,5,4,2,False
2027-05-05,2027,5,5,3,False
2027-05-06,2027,5,6,4,False
2027-05-07,2027,5,7,5,False
2027-05-08,2027,5,8,6,True
2027-05-09,2027,5,9,7,True
2027-05-10,2027,5,10,1,False
2027-05-11,2027,5,11,2,False
2027-05-12,2027,5,12,3,False
2027-05-13,2027,5,13,4,False
2027-05-14,2027,5,14,5,False
2027-05-15,2027,5,15,6,True
2027-05-16,2027,5,16,7,True
2027-05-17,2027,5,17,1,False
2027-05-18,2027,5,18,2,False
2027-05-19,2027,5,19,3,False
2027-05-20,2027,5,20,4,False
2027-05-21,2027,5,21,5,False
2027-05-22,2027,5,22,6,True
2027-05-23,2027,5,23,7,True
2027-05-24,2027,5,24,1,False
2027-05-25,2027,5,25,2,False
2027-05-26,2027,5,26,3,False
2027-05-27,2027,5,27,4,False
2027-05-28,2027,5,28,5,False
2027-05-29,2027,5,29,6,True
2027-05-30,2027,5,30,7,True
2027-05-31,2027,5,31,1,False
2027-06-01,2027,6,1,2,False
2027-06-02,2027,6,2,3,False
2027-06-03,2027,6,3,4,False
2027-06-04,2027,6,4,5,False
2027-06-05,2027,6,5,6,True
2027-06-06,2027,6,6,7,True
2027-06-07,2027,6,7,1,False
2027-06-08,2027,6,8,2,False
2027-06-09,2027,6,9,3,False
2027-06-10,2027,6,10,4,False
2027-06-11,2027,6,11,5,False
2027-06-12,2027,6,12,6,True
2027-06-13,2027,6,13,7,True
2027-06-14,2027,6,14,1,False
2027-06-15,2027,6,15,2,False
2027-06-16,2027,6,16,3,False
2027-06-17,2027,6,17,4,False
2027-06-18,2027,6,18,5,False
2027-06-19,2027,6,19,6,True
2027-06-20,2027,6,20,7,True
2027-06-21,2027,6,21,1,False
2027-06-22,2027,6,22,2,False
2027-06-23,2027,6,23,3,False
2027-06-24,2027,6,24,4,False
2027-06-25,2027,6,25,5,False
2027-06-26,2027,6,26,6,True
2027-06-27,2027,6,27,7,True
2027-06-28,2027,6,28,1,False
2027-06-29,2027,6,29,2,False
2027-06-30,2027,6,30,3,False
2027-07-01,2027,7,1,4,False
2027-07-02,2027,7,2,5,False
2027-07-03,2027,7,3,6,True
2027-07-04,2027,7,4,7,True
2027-07-05,2027,7,5,1,False
2027-07-06,2027,7,6,2,False
2027-07-07,2027,7,7,3,False
2027-07-08,2027,7,8,4,False
2027-07-09,2027,7,9,5,False
2027-07-10,2027,7,10,6,True
2027-07-11,2027,7,11,7,True
2027-07-12,2027,7,12,1,False
2027-07-13,2027,7,13,2,False
2027-07-14,2027,7,14,3,False
2027-07-15,2027,7,15,4,False
2027-07-16,2027,7,16,5,False
2027-07-17,2027,7,17,6,True
2027-07-18,2027,7,18,7,True
2027-07-19,2027,7,19,1,False
2027-07-20,2027,7,20,2,False
2027-07-21,2027,7,21,3,False
2027-07-22,2027,7,22,4,False
2027-07-23,2027,7,23,5,False
2027-07-24,2027,7,24,6,True
2027-07-25,2027,7,25,7,True
2027-07-26,2027,7,26,1,False
2027-07-27,2027,7,27,2,False
2027-07-28,2027,7,28,3,False
2027-07-29,2027,7,29,4,False
2027-07-30,2027,7,30,5,False
2027-07-31,2027,7,31,6,True
2027-08-01,2027,8,1,7,True
2027-08-02,2027,8,2,1,False
2027-08-03,2027,8,3,2,False
2027-08-04,2027,8,4,3,False
2027-08-05,2027,8,5,4,False
2027-08-06,2027,8,6,5,False
2027-08-07,2027,8,7,6,True
2027-08-08,2027,8,8,7,True
2027-08-09,2027,8,9,1,False
2027-08-10,2027,8,10,2,False
2027-08-11,2027,8,11,3,False
2027-08-12,2027,8,12,4,False
2027-08-13,2027,8,13,5,False
2027-08-14,2027,8,14,6,True
2027-08-15,2027,8,15,7,True
2027-08-16,2027,8,16,1,False
2027-08-17,2027,8,17,2,False
2027-08-18,2027,8,18,3,False
2027-08-19,2027,8,19,4,False
2027-08-20,2027,8,20,5,False
2027-08-21,2027,8,21,6,True
2027-08-22,2027,8,22,7,True
2027-08-23,2027,8,23,1,False
2027-08-24,2027,8,24,2,False
2027-08-25,2027,8,25,3,False
2027-08-26,2027,8,26,4,False
2027-08-27,2027,8,27,5,False
2027-08-28,2027,8,28,6,True
2027-08-29,2027,8,29,7,True
2027-08-30,2027,8,30,1,False
2027-08-31,2027,8,31,2,False
2027-09-01,2027,9,1,3,False
2027-09-02,2027,9,2,4,False
2027-09-03,2027,9,3,5,False
2027-09-04,2027,9,4,6,True
2027-09-05,2027,9,5,7,True
2027-09-06,2027,9,6,1,False
2027-09-07,2027,9,7,2,False
2027-09-08,2027,9,8,3,False
2027-09-09,2027,9,9,4,False
2027-09-10,2027,9,10,5,False
2027-09-11,2027,9,11,6,True
2027-09-12,2027,9,12,7,True
2027-09-13,2027,9,13,1,False
2027-09-14,2027,9,14,2,False
2027-09-15,2027,9,15,3,False
2027-09-16,2027,9,16,4,False
2027-09-17,2027,9,17,5,False
2027-09-18,2027,9,18,6,True
2027-09-19,2027,9,19,7,True
2027-09-20,2027,9,20,1,False
2027-09-21,2027,9,21,2,False
2027-09-22,2027,9,22,3,False
2027-09-23,2027,9,23,4,False
2027-09-24,2027,9,24,5,False
2027-09-25,2027,9,25,6,True
2027-09-26,2027,9,26,7,True
2027-09-27,2027,9,27,1,False
2027-09-28,2027,9,28,2,False
2027-09-29,2027,9,29,3,False
2027-09-30,2027,9,30,4,False
2027-10-01,2027,10,1,5,False
2027-10-02,2027,10,2,6,True
2027-10-03,2027,10,3,7,True
2027-10-04,2027,10,4,1,False
2027-10-05,2027,10,5,2,False
2027-10-06,2027,10,6,3,False
2027-10-07,2027,10,7,4,False
2027-10-08,2027,10,8,5,False
2027-10-09,2027,10,9,6,True
2027-10-10,2027,10,10,7,True
2027-10-11,2027,10,11,1,False
2027-10-12,2027,10,12,2,False
2027-10-13,2027,10,13,3,False
2027-10-14,2027,10,14,4,False
2027-10-15,2027,10,15,5,False
2027-10-16,2027,10,16,6,True
2027-10-17,2027,10,17,7,True
2027-10-18,2027,10,18,1,False
2027-10-19,2027,10,19,2,False
2027-10-20,2027,10,20,3,False
2027-10-21,2027,10,21,4,False
2027-10-22,2027,10,22,5,False
2027-10-23,2027,10,23,6,True
2027-10-24,2027,10,24,7,True
2027-10-25,2027,10,25,1,False
2027-10-26,2027,10,26,2,False
2027-10-27,2027,10,27,3,False
2027-10-28,2027,10,28,4,False
2027-10-29,2027,10,29,5,False
2027-10-30,2027,10,30,6,True
2027-10-31,2027,10,31,7,True
2027-11-01,2027,11,1,1,False
2027-11-02,2027,11,2,2,False
2027-11-03,2027,11,3,3,False
2027-11-04,2027,11,4,4,False
2027-11-05,2027,11,5,5,False
2027-11-06,2027,11,6,6,True
2027-11-07,2027,11,7,7,True
2027-11-08,2027,11,8,1,False
2027-11-09,2027,11,9,2,False
2027-11-10,2027,11,10,3,False
2027-11-11,2027,11,11,4,False
2027-11-12,2027,11,12,5,False
2027-11-13,2027,11,13,6,True
2027-11-14,2027,11,14,7,True
2027-11-15,2027,11,15,1,False
2027-11-16,2027,11,16,2,False
2027-11-17,2027,11,17,3,False
2027-11-18,2027,11,18,4,False
2027-11-19,2027,11,19,5,False
2027-11-20,2027,11,20,6,True
2027-11-21,2027,11,21,7,True
2027-11-22,2027,11,22,1,False
2027-11-23,2027,11,23,2,False
2027-11-24,2027,11,24,3,False
2027-11-25,2027,11,25,4,False
2027-11-26,2027,11,26,5,False
2027-11-27,2027,11,27,6,True
2027-11-28,2027,11,28,7,True
2027-11-29,2027,11,29,1,False
2027-11-30,2027,11,30,2,False
2027-12-01,2027,12,1,3,False
2027-12-02,2027,12,2,4,False
2027-12-03,2027,12,3,5,False
2027-12-04,2027,12,4,6,True
2027-12-05,2027,12,5,7,True
2027-12-06,2027,12,6,1,False
2027-12-07,2027,12,7,2,False
2027-12-08,2027,12,8,3,False
2027-12-09,2027,12,9,4,False
2027-12-10,2027,12,10,5,False
2027-12-11,2027,12,11,6,True
2027-12-12,2027,12,12,7,True
2027-12-13,2027,12,13,1,False
2027-12-14,2027,12,14,2,False
2027-12-15,2027,12,15,3,False
2027-12-16,2027,12,16,4,False
2027-12-17,2027,12,17,5,False
2027-12-18,2027,12,18,6,True
2027-12-19,2027,12,19,7,True
2027-12-20,2027,12,20,1,False
2027-12-21,2027,12,21,2,False
2027-12-22,2027,12,22,3,False
2027-12-23,2027,12,23,4,False
2027-12-24,2027,12,24,5,False
2027-12-25,2027,12,25,6,True
2027-12-26,2027,12,26,7,True
2027-12-27,2027,12,27,1,False
2027-12-28,2027,12,28,2,False
2027-12-29,2027,12,29,3,False
2027-12-30,2027,12,30,4,False
2027-12-31,2027,12,31,5,False
2028-01-01,2028,1,1,6,True
